{
	"pages": [ //pages数组中第一项表示应用启动页,
		{
			"path": "pages/home/home",
			"style": {
				"navigationBarTitleText": "首页",
				"app-plus":{
					"bounce":"none"
				}
			}
		},{
			"path": "pages/loginRegister/login",
			"style": {
				"navigationBarTitleText": "",
				"app-plus":{
					"bounce":"none"
				}
			}
		}, {
			"path": "pages/loginRegister/register",
			"style": {
				"navigationBarTitleText": "注册",
				"app-plus":{
					"bounce":"none"
				}
			}
		}, {
			"path": "pages/loginRegister/forgetPwd",
			"style": {
				"navigationBarTitleText": "忘记密码",
				"app-plus":{
					"bounce":"none"
				}
			}
		},{
			"path": "pages/mine/mine",
			"style": {
				"navigationBarTitleText": "我的",
				"app-plus":{
					"bounce":"none",
					"titleNView": {
						"buttons": [ //原生标题栏按钮配置,
							{
								"fontSize":"40upx",
								"text":"\ue7b2",
								"fontSrc":"/static/iconfont/iconfont.ttf"
							}
						]
					}
				}
			}
		}
	],
	"tabBar": {
		"color": "#7a7e83",
		"selectedColor": "#0faeff",
		"backgroundColor": "#ffffff",
		"list": [{
			"pagePath": "pages/home/home",
			"text": "首页",
			"iconPath": "static/img/home.png",
			"selectedIconPath": "static/img/homeHL.png"
		}, {
			"pagePath": "pages/mine/mine",
			"text": "我的",
			"iconPath": "static/img/user.png",
			"selectedIconPath": "static/img/userHL.png"
		}]
	},
	"globalStyle": {
		"navigationBarTextStyle": "black",
		"navigationBarBackgroundColor": "#ffffff",
		"backgroundColor": "#fbf9fe"
	}
}
